<?xml version="1.0" encoding="UTF-8"?>
<project-private xmlns="http://www.netbeans.org/ns/project-private/1">
    <editor-bookmarks xmlns="http://www.netbeans.org/ns/editor-bookmarks/2" lastBookmarkId="0"/>
    <open-files xmlns="http://www.netbeans.org/ns/projectui-open-files/2">
        <group>
            <file>file:/C:/Users/sihle/OneDrive/Desktop/BCAD/Programming%201A/LoginAssignment/src/loginassignment/LoginRegister.java</file>
            <file>file:/C:/Users/sihle/OneDrive/Desktop/BCAD/Programming%201A/LoginAssignment/src/loginassignment/LoginAssignment.java</file>
            <file>file:/C:/Users/sihle/OneDrive/Desktop/BCAD/Programming%201A/LoginAssignment/src/loginassignment/Task.java</file>
            <file>file:/C:/Users/sihle/OneDrive/Desktop/BCAD/Programming%201A/LoginAssignment/src/loginassignment/EasyKanbanApp.java</file>
            <file>file:/C:/Users/sihle/OneDrive/Desktop/BCAD/Programming%201A/LoginAssignment/test/loginassignment/EasyKanbanAppTest.java</file>
        </group>
    </open-files>
</project-private>
